Timestamp,Name,Age,Which Social Media Platform do you use the Most?,How Much do you post in one Month?,Category of the Post
08/14/2024 01:09:45,Nischay Kaushik,17,Youtube,2 Post,Knowledge
08/14/2024 03:05:51,Deepak Panwar,35,Instagram,1 Post,Cultural
08/14/2024 08:00:45,Ravi,34,Instagram,6 Post,Family time
08/14/2024 08:05:17,Atul Singh,17,Youtube,2 Post,I don't post anything on yt
08/14/2024 00:01:03,Vijay ,23,Facebook,3 Post,News
08/14/2024 10:52:04,Deepak Panwar Singh,28,Twitter,1 Post,Study
08/14/2024 11:52:26,Dikshant,34,Instagram,6 Post,Knowledge
08/14/2024 18:40:28,Sahil,18,Twitter,3 Post,News
08/14/2024 06:48:19,Deepak Panwar Sharma,25,Instagram,3 Post,Earning
08/14/2024 01:44:47,Mohit Singh,19,Twitter,2 Post,Comedy
08/14/2024 03:21:08,Dikshant Singh,34,Instagram,3 Post,Self portrait
08/14/2024 02:57:02,Karun Panwar Singh,29,Instagram,2 Post,Knowledge
08/14/2024 15:58:31,Arvind Singh Sharma,31,Instagram,2 Post,Comedy
08/14/2024 06:36:18,Rudraksh Singh,35,Instagram,5 Post,Study
08/14/2024 13:05:58,Lakshay Sharma,19,Youtube,1 Post,Knowledge
08/14/2024 10:41:37,Khushhal Sharma,36,Instagram,4 Post,Normal
08/14/2024 16:33:10,Harsh,20,Twitter,5 Post,Knowledge
08/14/2024 21:05:04,Gourav Dhiman,26,Instagram,4 Post,Self portrait
08/14/2024 19:02:47,Alisha Singh,33,Youtube,5 Post,Cultural
08/14/2024 21:04:36,Piku ,21,Instagram,2 Post,Family time
08/14/2024 20:28:47,Abhijeet,36,Instagram,1 Post,Cultural
08/13/2024 23:50:39,Amrender Singh,24,Instagram,5 Post,Cultural
08/14/2024 09:22:36,Arvind Singh,34,Youtube,2 Post,I don't post anything on yt
08/14/2024 21:20:33,Harsh ,25,Twitter,5 Post,Study
08/14/2024 08:28:01,Rudraksh ,26,Instagram,6 Post,Knowledge
08/13/2024 22:15:47,Abhijeet Sharma,20,Instagram,1 Post,Knowledge
08/14/2024 03:20:59,Harsh ,35,Instagram,1 Post,Self portrait
08/14/2024 02:59:24,Karun Panwar Singh,19,Twitter,3 Post,Study
08/14/2024 00:03:22,Lakshay Sharma,24,Youtube,4 Post,Knowledge
08/14/2024 14:13:22,Jigyansh Kaushik Sharma,28,Instagram,4 Post,Self portrait
08/14/2024 03:49:55,Atul Kaushik,18,Instagram,3 Post,Cultural
08/14/2024 03:51:37,kaku Sharma,21,Instagram,3 Post,Normal
08/14/2024 18:12:09,Vanshika Sharma,34,Instagram,6 Post,Family time
08/14/2024 18:54:10,Kishan ,22,Instagram,4 Post,Comedy
08/14/2024 20:24:59,Priya ,29,Instagram,4 Post,Photos
08/14/2024 13:56:30,Khushhal Sharma,26,Instagram,6 Post,Family time
08/13/2024 23:14:23,Arvind Singh ,23,Instagram,1 Post,Family time
08/13/2024 23:08:24,Neha,18,Twitter,5 Post,Comedy
08/14/2024 07:37:38,Ravi,22,Instagram,1 Post,Comedy
08/14/2024 08:00:19,Sourav Chauhan ,35,Twitter,5 Post,News
08/14/2024 03:35:17,Deepali Singh,25,Instagram,6 Post,Knowledge
08/14/2024 08:57:39,Resham Malik ,26,Instagram,1 Post,Self portrait
08/14/2024 00:59:21,Sourav Chauhan,19,Twitter,5 Post,Knowledge
08/14/2024 18:08:48,Sagar dahiya,24,Instagram,2 Post,Normal
08/13/2024 21:56:24,Sahil Singh,36,Facebook,6 Post,Random talks
08/14/2024 00:34:21,Hitesh Singh,20,Facebook,2 Post,Family time
08/14/2024 02:43:47,Deepak Panwar ,25,Instagram,2 Post,Knowledge
08/14/2024 13:16:00,Nischay Kaushik Singh,33,Instagram,1 Post,Cultural
08/14/2024 01:42:06,Amrender Singh,18,Instagram,2 Post,Photos
08/14/2024 11:05:48,Atul Sharma,34,Instagram,1 Post,Earning
08/13/2024 22:46:19,Amrender Singh,35,Twitter,4 Post,Comedy
08/14/2024 06:24:05,Naveen,28,Instagram,2 Post,Cultural
08/14/2024 21:37:56,Harsh Sharma,36,Youtube,2 Post,Knowledge
08/14/2024 16:53:25,Bhupender ,30,Instagram,6 Post,Knowledge
08/14/2024 07:06:28,Yuvraj ,25,Instagram,6 Post,Cultural
08/14/2024 05:12:55,Karun Panwar Sharma,24,Instagram,4 Post,Knowledge
08/14/2024 05:46:47,Khushhal ,24,Instagram,2 Post,Study
08/14/2024 20:43:40,Vanshika Singh,28,Twitter,4 Post,Knowledge
08/14/2024 00:24:02,Khushboo Singh,22,Twitter,3 Post,News
08/14/2024 07:10:21,Ritesh Singh,27,Instagram,5 Post,Cultural
08/14/2024 10:28:08,Sourav Chauhan ,25,Instagram,4 Post,Self portrait
08/14/2024 12:59:40,Bhupender ,28,Instagram,6 Post,Knowledge
08/14/2024 05:43:44,Jigyansh Kaushik,26,Twitter,6 Post,Study
08/14/2024 14:19:11,Jatin nimbiwal Singh,34,Instagram,4 Post,Study
08/14/2024 04:46:05,Sahil Singh Singh,29,Twitter,1 Post,Knowledge
08/14/2024 10:15:17,Ritesh Singh,31,Instagram,6 Post,Comedy
08/14/2024 00:02:00,Khushhal ,19,Instagram,6 Post,Knowledge
08/13/2024 22:20:46,Bhuvneshwari ,26,Instagram,2 Post,Earning
08/14/2024 07:53:17,Piyush Sharma,36,Youtube,1 Post,Study
08/14/2024 13:47:58,Nischay Kaushik ,29,Instagram,2 Post,Earning
08/14/2024 09:06:51,Yash,30,Instagram,6 Post,Family time
08/14/2024 21:55:05,Harsh ,20,Instagram,4 Post,Family time
08/14/2024 18:04:09,Apsara Singh,31,Twitter,6 Post,Study
08/14/2024 04:05:23,Harsh Sharma,22,Youtube,4 Post,Study
08/14/2024 08:30:37,Piyush Singh,33,Instagram,2 Post,Photos
08/13/2024 23:43:12,Sahil Singh,24,Instagram,3 Post,Family time
08/13/2024 23:19:12,Ashish gulia ,29,Twitter,6 Post,Comedy
08/14/2024 18:07:33,Yuvraj Singh,34,Instagram,1 Post,Comedy
08/14/2024 05:03:15,Dikshant,35,Instagram,1 Post,Knowledge
08/14/2024 19:42:51,Dikshant Sharma,34,Youtube,5 Post,Vlogs
08/14/2024 05:58:20,Arvind Singh ,25,Instagram,1 Post,Study
08/14/2024 10:48:59,Ravan Sharma,22,Youtube,2 Post,Vlogs
08/14/2024 02:11:41,Resham Malik,19,Twitter,2 Post,Study
08/14/2024 16:22:21,Kanha Sharma,27,Instagram,3 Post,Knowledge
08/13/2024 22:13:22,Dikshant Singh,30,Instagram,1 Post,Normal
08/14/2024 16:12:05,Rudraksh,28,Instagram,1 Post,Self portrait
08/14/2024 09:20:04,Piyush ,17,Twitter,2 Post,Comedy
08/14/2024 12:34:20,Khushboo ,31,Twitter,3 Post,Comedy
08/13/2024 22:22:36,Jaideep,22,Facebook,1 Post,Random talks
08/14/2024 12:14:05,Piku Sharma,29,Facebook,2 Post,News
08/14/2024 17:13:44,Amrender ,20,Twitter,3 Post,News
08/13/2024 23:26:08,Sourav Chauhan,28,Twitter,6 Post,Knowledge
08/14/2024 08:21:18,Atul Kaushik Singh,17,Youtube,4 Post,Cultural
08/14/2024 21:22:11,Naveen Sharma,21,Instagram,6 Post,Family time
08/14/2024 05:38:02,Vijay Sharma,31,Instagram,6 Post,Photos
08/14/2024 11:41:25,Piyush,25,Youtube,2 Post,Study
08/14/2024 09:40:36,Jigyansh Kaushik Sharma,27,Instagram,3 Post,Earning
08/14/2024 11:20:47,Sagar dahiya Singh,27,Instagram,5 Post,Photos
08/14/2024 11:19:53,Abhijeet ,19,Instagram,4 Post,Normal
08/14/2024 04:56:50,Piyush Sharma,32,Instagram,1 Post,Cultural
08/14/2024 11:17:23,Resham Malik ,26,Twitter,3 Post,Study
08/14/2024 04:22:36,Sagar dahiya Sharma,34,Instagram,6 Post,Normal
08/14/2024 15:55:25,Kanha ,20,Youtube,3 Post,Cultural
08/14/2024 15:28:34,Bhuvneshwari ,23,Instagram,4 Post,Photos
08/14/2024 06:34:40,Bhuvneshwari Singh,20,Youtube,3 Post,Knowledge
08/14/2024 11:17:13,Piku,34,Instagram,1 Post,Self portrait
08/14/2024 09:13:58,Jatin nimbiwal ,32,Instagram,1 Post,Photos
08/14/2024 00:32:23,Atul Singh,22,Facebook,3 Post,Earning
08/14/2024 01:27:38,Vanshika Sharma,32,Instagram,6 Post,Self portrait
08/14/2024 16:27:04,Bhupender Singh,19,Facebook,1 Post,Random talks
08/14/2024 18:47:35,Apsara ,33,Instagram,4 Post,Photos
08/14/2024 20:55:55,Ritesh Singh,35,Twitter,5 Post,News
08/14/2024 02:00:03,Mohit ,25,Twitter,2 Post,Comedy
08/14/2024 04:52:28,Vanshika ,17,Instagram,6 Post,Normal
08/14/2024 14:33:57,SHREYANSH Singh,26,Youtube,4 Post,Cultural
08/14/2024 19:58:25,Kanha ,30,Instagram,2 Post,Earning
08/14/2024 08:29:34,Hitesh ,19,Instagram,3 Post,Photos
08/14/2024 09:49:47,Devansh Chauhan Singh,29,Facebook,5 Post,Random talks
08/13/2024 22:22:53,Kishan,30,Youtube,5 Post,Comedy
08/14/2024 10:26:43,SHREYANSH,25,Twitter,2 Post,Study
08/14/2024 21:27:26,Atul Singh,22,Facebook,4 Post,Earning
08/14/2024 18:44:01,Ashish Singh,30,Instagram,6 Post,Cultural
08/13/2024 22:38:47,Gourav Dhiman Sharma,32,Instagram,4 Post,Family time
08/14/2024 17:55:52,Kishan Singh,25,Instagram,4 Post,Family time
08/14/2024 12:58:54,Yash Sharma,30,Instagram,5 Post,Knowledge
08/14/2024 20:26:41,Arvind Singh Sharma,18,Instagram,5 Post,Earning
08/14/2024 15:06:50,Atul Sharma,20,Instagram,6 Post,Comedy
08/14/2024 09:02:17,Piku,34,Instagram,2 Post,Cultural
08/14/2024 15:00:25,Khushboo ,32,Facebook,3 Post,Random talks
08/14/2024 07:08:00,Yuvraj Sharma,32,Instagram,5 Post,Earning
08/14/2024 20:36:20,Apsara ,19,Instagram,4 Post,Knowledge
08/14/2024 18:55:04,Ravi Singh,17,Instagram,3 Post,Normal
08/14/2024 08:53:20,Atul Sharma,28,Instagram,5 Post,Study
08/13/2024 22:48:59,Neha ,24,Twitter,2 Post,Study
08/14/2024 09:52:02,Jaideep Sharma,29,Instagram,6 Post,Earning
08/14/2024 19:08:11,Karun Panwar ,33,Facebook,3 Post,News
08/14/2024 07:46:44,Atul,33,Facebook,1 Post,Photos
08/14/2024 12:59:49,Atul Kaushik ,19,Instagram,3 Post,Knowledge
08/14/2024 21:05:32,Resham Malik,27,Youtube,5 Post,Study
08/14/2024 13:11:25,Nischay Kaushik Sharma,34,Instagram,1 Post,Comedy
08/14/2024 08:36:12,Nikki ,19,Instagram,1 Post,Cultural
08/14/2024 06:31:07,Jatin nimbiwal Singh,17,Instagram,1 Post,Photos
08/14/2024 01:54:26,Ritesh ,24,Twitter,5 Post,Comedy
08/14/2024 03:25:45,Kishan Sharma,36,Twitter,4 Post,Comedy
08/14/2024 19:47:50,Nischay Kaushik Singh,31,Instagram,1 Post,Normal
08/14/2024 13:22:50,Ravan ,19,Instagram,3 Post,Photos
08/14/2024 18:37:34,Ritesh Singh,31,Youtube,2 Post,Study
08/14/2024 22:02:08,Deepak Panwar ,29,Twitter,5 Post,Knowledge
08/14/2024 20:01:39,Nikki,29,Instagram,5 Post,Self portrait
08/14/2024 17:22:06,Jaideep Sharma,26,Youtube,2 Post,Vlogs
08/14/2024 13:07:09,SHREYANSH ,36,Instagram,6 Post,Earning
08/14/2024 06:40:30,Nischay Kaushik,26,Youtube,1 Post,Vlogs
08/14/2024 02:39:40,Lakshay,26,Instagram,4 Post,Earning
08/14/2024 04:02:08,Khushhal Singh,33,Twitter,3 Post,Comedy
08/14/2024 09:12:24,Hitesh Sharma,26,Youtube,3 Post,Cultural
08/14/2024 21:43:25,Vanshika ,24,Youtube,6 Post,I don't post anything on yt
08/14/2024 10:52:34,Sudhir Singh,19,Youtube,1 Post,Comedy
08/14/2024 00:23:57,Devansh Chauhan Singh,25,Twitter,6 Post,Knowledge
08/14/2024 20:08:27,SHREYANSH Sharma,17,Twitter,5 Post,Knowledge
08/14/2024 00:36:11,SHREYANSH,31,Facebook,3 Post,Earning
08/14/2024 03:29:35,Karun Panwar,26,Facebook,1 Post,News
08/14/2024 08:00:10,Rudraksh ,29,Instagram,6 Post,Family time
08/14/2024 20:43:23,Jaideep ,30,Twitter,4 Post,Study
08/14/2024 18:40:40,Vijay,28,Instagram,4 Post,Comedy
08/13/2024 23:13:48,Deepak Panwar Singh,34,Facebook,6 Post,Family time
08/14/2024 13:57:49,Vijay ,20,Facebook,4 Post,News
08/14/2024 17:00:09,Atul Kaushik,18,Youtube,2 Post,Knowledge
08/14/2024 05:47:13,Mohit,34,Instagram,2 Post,Comedy
08/14/2024 10:57:55,Ashish gulia,25,Youtube,2 Post,Knowledge
08/13/2024 22:06:43,Bhupender ,20,Twitter,1 Post,Comedy
08/13/2024 23:01:50,Khushhal ,35,Instagram,2 Post,Photos
08/14/2024 08:42:57,Jaideep Sharma,33,Instagram,1 Post,Normal
08/14/2024 15:32:28,Naveen,31,Twitter,5 Post,News
08/14/2024 22:10:47,Jigyansh Kaushik Singh,31,Twitter,1 Post,News
08/13/2024 23:32:47,Sudhir Sharma,30,Twitter,4 Post,Study
08/14/2024 13:01:23,Kishan Singh,36,Instagram,2 Post,Photos
08/14/2024 08:50:56,Deepali Singh,29,Facebook,5 Post,Family time
08/14/2024 13:40:25,Apsara Sharma,20,Youtube,1 Post,I don't post anything on yt
08/14/2024 06:02:27,Bhumit ,30,Instagram,2 Post,Study
08/14/2024 05:23:41,Devansh Chauhan Sharma,30,Youtube,3 Post,Study
08/13/2024 23:58:49,Kanha Singh,21,Twitter,4 Post,News
08/14/2024 17:36:33,Kishan,30,Instagram,6 Post,Knowledge
08/14/2024 14:08:27,Harsh,35,Facebook,5 Post,Family time
08/14/2024 21:26:28,Yuvraj Singh,30,Youtube,6 Post,Cultural
08/14/2024 01:32:03,Apsara Singh,28,Instagram,5 Post,Comedy
08/14/2024 00:33:33,Ashish ,20,Instagram,5 Post,Knowledge
08/14/2024 14:15:44,Vijay ,30,Youtube,5 Post,Vlogs
08/13/2024 22:27:25,Harsh,36,Facebook,6 Post,Family time
08/14/2024 11:36:14,Vijay Singh,27,Instagram,2 Post,Earning
08/14/2024 16:00:10,Resham Malik,21,Youtube,1 Post,Cultural
08/14/2024 05:22:23,Mohit Sharma,30,Instagram,2 Post,Knowledge
08/14/2024 14:14:16,Neha,18,Instagram,5 Post,Self portrait
08/14/2024 04:25:54,Vijay Sharma,30,Instagram,4 Post,Study
08/14/2024 10:38:25,Bhuvneshwari,28,Instagram,3 Post,Normal
08/13/2024 21:56:12,Piku,24,Instagram,5 Post,Self portrait
08/14/2024 00:41:02,Piku ,21,Youtube,3 Post,Comedy
08/14/2024 09:59:16,Arvind Singh Sharma,22,Instagram,5 Post,Comedy
08/14/2024 08:25:15,Amrender Singh,19,Instagram,6 Post,Self portrait
08/14/2024 15:06:25,Devansh Chauhan,27,Twitter,5 Post,Study
08/14/2024 17:21:13,Yuvraj Singh,20,Instagram,3 Post,Earning
08/14/2024 08:24:28,Aman Sharma,28,Instagram,1 Post,Comedy
08/14/2024 03:10:10,Resham Malik,29,Youtube,6 Post,Comedy
08/14/2024 19:54:45,Bhumit ,19,Twitter,1 Post,Comedy
08/14/2024 02:34:30,Sagar dahiya Singh,21,Instagram,2 Post,Photos
08/14/2024 09:05:58,Apsara ,19,Instagram,6 Post,Normal
08/14/2024 18:53:35,Sourav Chauhan Sharma,35,Twitter,5 Post,Knowledge
08/14/2024 13:11:45,Nischay Kaushik Singh,21,Instagram,4 Post,Normal
08/14/2024 05:20:34,Khushhal Singh,35,Instagram,5 Post,Cultural
08/14/2024 13:31:15,Atul,18,Instagram,3 Post,Cultural
08/14/2024 11:56:48,Sudhir,36,Twitter,4 Post,Study
08/14/2024 05:36:54,Khushhal,31,Facebook,5 Post,Photos
08/14/2024 10:05:34,Ashish ,18,Instagram,3 Post,Cultural
08/14/2024 10:32:17,Sahil Singh,24,Youtube,4 Post,Vlogs
08/14/2024 16:41:47,HARSH Singh,28,Facebook,4 Post,Earning
08/14/2024 14:20:44,Ravan,27,Instagram,1 Post,Family time
08/14/2024 12:00:20,Nikki Singh,36,Youtube,3 Post,Cultural
08/14/2024 00:54:12,Ashish gulia Singh,26,Facebook,6 Post,Earning
08/14/2024 17:38:37,Sahil,26,Twitter,6 Post,Knowledge
08/14/2024 05:18:18,Jigyansh Kaushik,30,Twitter,1 Post,Knowledge
08/13/2024 23:38:11,Mohit Singh,32,Instagram,2 Post,Earning
08/13/2024 22:40:19,Sudhir,33,Youtube,6 Post,Vlogs
08/14/2024 18:05:17,Gourav Dhiman ,36,Instagram,2 Post,Earning
08/14/2024 21:28:13,Bhumit ,31,Instagram,3 Post,Comedy
08/14/2024 21:22:21,Aman Singh,31,Instagram,2 Post,Photos
08/14/2024 09:02:38,Khushhal Sharma,23,Instagram,5 Post,Normal
08/14/2024 17:21:07,Nikki Sharma,33,Twitter,2 Post,Comedy
08/14/2024 15:09:13,Lakshay Singh,18,Twitter,3 Post,News
08/14/2024 08:44:29,Abhijeet,26,Instagram,2 Post,Photos
08/14/2024 19:23:30,Ravi ,30,Instagram,2 Post,Normal
08/14/2024 07:11:47,Ankit Sharma,18,Instagram,3 Post,Comedy
08/14/2024 17:06:37,Kishan Singh,24,Instagram,1 Post,Knowledge
08/14/2024 16:18:51,Lakshay,26,Facebook,4 Post,Photos
08/14/2024 04:00:36,Ashish Sharma,36,Instagram,1 Post,Self portrait
08/14/2024 08:06:14,Amrender ,34,Facebook,5 Post,Random talks
08/14/2024 08:01:11,Bhumit Singh,24,Instagram,1 Post,Comedy
08/13/2024 22:09:02,Khushhal Sharma,19,Instagram,4 Post,Family time
08/14/2024 03:38:03,Ravi ,21,Instagram,1 Post,Knowledge
08/14/2024 21:04:27,Yuvraj ,19,Twitter,3 Post,News
08/14/2024 07:12:50,Rudraksh,29,Youtube,1 Post,I don't post anything on yt
08/14/2024 03:38:52,Naveen Singh,17,Instagram,1 Post,Knowledge
08/13/2024 22:49:59,Jigyansh Kaushik,35,Youtube,3 Post,Knowledge
08/14/2024 21:44:42,Rudraksh Singh,22,Youtube,6 Post,Study
08/14/2024 04:55:40,Ashish ,21,Instagram,4 Post,Self portrait
08/14/2024 07:29:29,Karun Panwar ,18,Instagram,3 Post,Family time
08/14/2024 04:44:54,Hitesh Sharma,25,Instagram,6 Post,Comedy
08/14/2024 19:30:38,Bhumit,27,Instagram,3 Post,Study
08/14/2024 14:40:50,Jaideep Sharma,29,Instagram,2 Post,Normal
08/14/2024 12:29:17,Naveen Singh,19,Youtube,1 Post,Study
08/14/2024 05:46:17,Hitesh ,34,Instagram,1 Post,Cultural
08/14/2024 14:37:27,Nikki Singh,31,Twitter,4 Post,Comedy
08/14/2024 22:10:09,Sagar dahiya Sharma,18,Youtube,3 Post,Vlogs
08/14/2024 10:18:06,Vijay,19,Twitter,4 Post,Knowledge
08/13/2024 22:35:59,Jaideep ,17,Instagram,5 Post,Normal
08/14/2024 12:33:09,Vanshika ,28,Instagram,5 Post,Self portrait
08/14/2024 10:42:08,Ravan Sharma,28,Instagram,1 Post,Earning
08/14/2024 15:44:51,Resham Malik Singh,25,Instagram,1 Post,Self portrait
08/14/2024 02:59:53,Arvind Singh Sharma,34,Instagram,3 Post,Normal
08/14/2024 08:48:29,Aman Singh,32,Instagram,2 Post,Cultural
08/14/2024 06:14:55,Sahil Sharma,19,Youtube,3 Post,I don't post anything on yt
08/14/2024 20:26:10,Vanshika Singh,26,Youtube,6 Post,I don't post anything on yt
08/14/2024 17:07:37,Nischay Kaushik ,28,Twitter,1 Post,Comedy
08/14/2024 09:11:02,Piyush Sharma,17,Instagram,5 Post,Knowledge
08/14/2024 07:29:23,Harsh ,36,Youtube,1 Post,Comedy
08/14/2024 00:48:53,Sahil Sharma,33,Instagram,4 Post,Cultural
08/14/2024 00:53:18,Neha,31,Instagram,5 Post,Knowledge
08/14/2024 10:25:27,Amrender ,21,Instagram,1 Post,Cultural
08/14/2024 06:12:51,Piku ,22,Instagram,6 Post,Comedy
08/14/2024 04:27:47,Abhijeet Singh,19,Instagram,6 Post,Family time
08/14/2024 12:13:39,Nischay Kaushik Singh,36,Twitter,5 Post,Comedy
08/14/2024 18:21:42,Deepali ,22,Twitter,6 Post,Knowledge
08/14/2024 13:40:44,Sourav Chauhan,17,Instagram,6 Post,Photos
08/14/2024 13:27:12,Bhumit Sharma,36,Twitter,4 Post,Knowledge
08/14/2024 05:01:32,Piku Sharma,24,Youtube,6 Post,Study
08/14/2024 02:44:24,Vanshika,22,Instagram,4 Post,Normal
08/14/2024 21:55:17,Apsara ,27,Youtube,3 Post,I don't post anything on yt
08/14/2024 00:20:47,Sagar dahiya Sharma,21,Youtube,5 Post,Vlogs
08/14/2024 00:07:01,Piyush Sharma,20,Instagram,2 Post,Earning
08/14/2024 20:35:37,Nikki Sharma,36,Instagram,2 Post,Knowledge
08/14/2024 09:10:10,Alisha Singh,23,Youtube,4 Post,Vlogs
08/14/2024 08:56:06,Piku Sharma,17,Instagram,4 Post,Family time
08/14/2024 09:51:23,Piyush ,35,Instagram,1 Post,Photos
08/14/2024 01:01:31,Amrender Sharma,26,Twitter,1 Post,Study
08/14/2024 11:42:03,Kanha Singh,29,Instagram,4 Post,Self portrait
08/14/2024 08:46:00,kaku Singh,34,Instagram,4 Post,Family time
08/14/2024 21:36:17,Harsh Singh,36,Twitter,1 Post,Comedy
08/14/2024 02:37:07,Resham Malik Singh,27,Twitter,3 Post,Comedy
08/14/2024 15:12:26,Ravi Sharma,33,Instagram,1 Post,Earning
08/14/2024 01:10:06,Bhupender Sharma,33,Instagram,5 Post,Family time
08/14/2024 12:16:28,Aman Singh,22,Instagram,5 Post,Photos
08/14/2024 05:51:09,Ravi Sharma,35,Instagram,1 Post,Knowledge
08/14/2024 12:21:09,Khushboo Sharma,35,Instagram,6 Post,Self portrait
08/14/2024 01:21:50,Kanha ,18,Twitter,2 Post,Study
08/14/2024 02:24:58,Ravan ,18,Twitter,6 Post,News
08/14/2024 07:47:19,Atul Singh,30,Instagram,6 Post,Comedy
08/14/2024 11:28:16,Bhumit Sharma,18,Youtube,5 Post,Knowledge
08/14/2024 20:03:52,Jigyansh Kaushik Sharma,33,Instagram,2 Post,Normal
08/14/2024 04:34:29,Gourav Dhiman Singh,25,Twitter,2 Post,Comedy
08/14/2024 14:38:09,Piku ,26,Youtube,6 Post,Knowledge
08/14/2024 04:47:22,Arvind Singh Singh,32,Instagram,6 Post,Photos
08/13/2024 22:46:40,Sourav Chauhan Sharma,29,Youtube,2 Post,Comedy
08/14/2024 16:01:58,Sahil,28,Facebook,6 Post,Family time
08/14/2024 01:06:25,Mohit ,34,Instagram,5 Post,Photos
08/14/2024 13:21:23,Aman ,24,Instagram,5 Post,Comedy
08/14/2024 14:24:52,Priya,30,Instagram,4 Post,Cultural
08/14/2024 13:43:19,Lakshay,34,Facebook,2 Post,Earning
08/14/2024 04:43:53,Ashish Sharma,23,Youtube,3 Post,Comedy
08/14/2024 20:05:29,Priya,35,Instagram,6 Post,Self portrait
08/14/2024 17:01:36,Sahil Singh Sharma,22,Facebook,1 Post,Earning
08/14/2024 20:27:50,Sahil Singh Singh,18,Instagram,5 Post,Cultural
08/14/2024 09:49:57,Gourav Dhiman Singh,31,Facebook,5 Post,Random talks
08/14/2024 01:43:27,Lakshay Sharma,25,Instagram,1 Post,Knowledge
08/14/2024 11:38:23,Devansh Chauhan Singh,22,Instagram,3 Post,Photos
08/14/2024 17:58:53,Bhuvneshwari ,22,Twitter,6 Post,Study
08/14/2024 21:45:58,Ravi Singh,19,Instagram,1 Post,Earning
08/14/2024 08:40:42,Ashish Singh,24,Instagram,4 Post,Comedy
08/14/2024 04:08:51,Vijay Singh,26,Twitter,5 Post,News
08/14/2024 01:39:22,Naveen ,18,Twitter,4 Post,Knowledge
08/14/2024 12:47:09,Ravan Singh,20,Twitter,3 Post,Knowledge
08/14/2024 07:55:21,SHREYANSH ,32,Instagram,6 Post,Knowledge
08/14/2024 14:23:37,Harsh Sharma,34,Youtube,2 Post,Knowledge
08/13/2024 23:39:34,Apsara,33,Instagram,6 Post,Knowledge
08/14/2024 11:45:36,Sourav Chauhan,18,Youtube,5 Post,Knowledge
08/14/2024 14:23:33,Ashish gulia ,27,Youtube,4 Post,Cultural
08/14/2024 08:50:31,Sahil Sharma,19,Youtube,4 Post,Cultural
08/14/2024 14:12:30,Ravi Sharma,31,Twitter,5 Post,Study
08/14/2024 11:53:50,Piku,29,Instagram,1 Post,Comedy
08/14/2024 20:36:50,Karun Panwar Sharma,28,Youtube,5 Post,Cultural
08/14/2024 16:29:06,Vanshika Sharma,18,Instagram,2 Post,Earning
08/14/2024 19:01:28,Alisha Sharma,28,Facebook,4 Post,Earning
08/14/2024 13:44:16,Dikshant Sharma,19,Twitter,6 Post,Comedy
08/14/2024 00:51:51,Sagar dahiya,22,Facebook,4 Post,Random talks
08/14/2024 08:07:30,SHREYANSH,17,Facebook,4 Post,Random talks
08/14/2024 02:21:35,Dikshant ,24,Instagram,2 Post,Photos
08/14/2024 16:29:26,Alisha,18,Youtube,4 Post,Vlogs
08/14/2024 08:40:16,Ankit ,23,Instagram,5 Post,Self portrait
08/14/2024 03:28:54,Ravan,24,Youtube,4 Post,Study
08/14/2024 17:42:27,Mohit,21,Twitter,3 Post,Comedy
08/14/2024 03:32:40,Alisha Singh,35,Twitter,6 Post,Knowledge
08/14/2024 20:57:17,Ashish gulia ,30,Instagram,1 Post,Family time
08/14/2024 20:47:07,Jaideep ,30,Twitter,1 Post,Knowledge
08/14/2024 01:23:57,Jigyansh Kaushik Sharma,33,Instagram,4 Post,Study
08/14/2024 18:43:44,Dikshant ,34,Instagram,2 Post,Photos
08/14/2024 07:15:05,Ashish gulia Sharma,18,Twitter,4 Post,Comedy
08/14/2024 00:00:38,Kanha ,27,Twitter,4 Post,Knowledge
08/14/2024 19:07:20,Alisha ,18,Instagram,6 Post,Self portrait
08/14/2024 21:09:46,kaku ,32,Instagram,3 Post,Photos
08/14/2024 20:07:16,Yash ,23,Facebook,1 Post,Earning
08/14/2024 16:43:19,Jatin nimbiwal ,29,Facebook,5 Post,Family time
08/14/2024 06:32:51,Dikshant Sharma,34,Twitter,3 Post,Knowledge
08/14/2024 16:22:56,Arvind Singh Sharma,20,Youtube,6 Post,Study
08/14/2024 15:53:02,Neha ,28,Instagram,1 Post,Comedy
08/14/2024 04:58:14,Ankit Singh,34,Facebook,5 Post,Earning
08/14/2024 11:13:13,kaku Singh,24,Instagram,2 Post,Normal
08/14/2024 13:26:53,Ravan Singh,25,Youtube,4 Post,I don't post anything on yt
08/14/2024 01:10:22,Arvind Singh Sharma,22,Youtube,3 Post,Knowledge
08/14/2024 10:34:02,Rudraksh Sharma,22,Facebook,5 Post,News
08/14/2024 18:21:43,Amrender,18,Youtube,4 Post,Knowledge
08/14/2024 06:52:45,SHREYANSH,21,Instagram,5 Post,Normal
08/14/2024 07:48:44,Aman Sharma,32,Instagram,5 Post,Family time
08/14/2024 17:38:35,Ankit Singh,34,Facebook,1 Post,Random talks
08/14/2024 01:23:29,Ravan Sharma,22,Instagram,1 Post,Family time
08/14/2024 06:52:32,kaku Singh,28,Instagram,4 Post,Cultural
08/14/2024 05:05:15,Resham Malik Sharma,35,Instagram,6 Post,Comedy
08/14/2024 11:16:15,Hitesh,18,Instagram,4 Post,Study
08/14/2024 11:35:33,Priya,22,Instagram,4 Post,Knowledge
08/14/2024 19:47:56,Sudhir,33,Facebook,2 Post,Photos
08/14/2024 19:45:03,Jatin nimbiwal Sharma,25,Instagram,1 Post,Photos
08/14/2024 21:16:18,Sourav Chauhan,22,Facebook,3 Post,News
08/14/2024 11:32:46,Deepali ,29,Facebook,3 Post,Photos
08/14/2024 17:05:19,Sourav Chauhan Sharma,34,Instagram,6 Post,Earning
08/14/2024 00:08:18,Jatin nimbiwal,33,Youtube,3 Post,Cultural
08/14/2024 21:27:14,SHREYANSH,27,Twitter,5 Post,Study
08/14/2024 03:19:48,Neha,25,Youtube,4 Post,Study
08/13/2024 23:50:42,Harsh Sharma,30,Instagram,5 Post,Study
08/14/2024 01:31:18,Aman Singh,24,Youtube,1 Post,Comedy
08/13/2024 21:52:32,Sahil ,29,Instagram,1 Post,Cultural
08/13/2024 23:53:03,Piku Sharma,28,Youtube,1 Post,Knowledge
08/13/2024 22:23:28,Ritesh Sharma,34,Twitter,4 Post,News
08/13/2024 22:03:01,Sagar dahiya,36,Twitter,3 Post,Study
08/14/2024 11:44:31,Yuvraj Sharma,19,Youtube,5 Post,Knowledge
08/14/2024 09:48:47,HARSH Sharma,22,Instagram,3 Post,Photos
08/14/2024 16:53:49,Vanshika ,30,Instagram,3 Post,Normal
08/14/2024 12:50:09,Naveen Singh,24,Youtube,4 Post,Vlogs
08/14/2024 18:20:21,Devansh Chauhan,21,Instagram,4 Post,Knowledge
08/14/2024 05:05:56,Dikshant Singh,31,Instagram,6 Post,Earning
08/14/2024 04:52:44,Apsara ,32,Instagram,4 Post,Knowledge
08/14/2024 04:36:22,Jatin nimbiwal Sharma,35,Youtube,3 Post,Study
08/14/2024 12:14:16,Khushhal Sharma,28,Instagram,5 Post,Comedy
08/14/2024 20:49:09,Rudraksh ,34,Instagram,6 Post,Normal
08/14/2024 14:12:48,Mohit Sharma,26,Youtube,1 Post,Study
08/14/2024 17:03:14,Lakshay Singh,24,Instagram,2 Post,Study
08/14/2024 10:08:35,Vanshika Sharma,36,Instagram,4 Post,Family time
08/14/2024 12:16:36,Jatin nimbiwal Sharma,34,Instagram,3 Post,Family time
08/14/2024 13:34:40,Kishan,24,Twitter,3 Post,Comedy
08/13/2024 22:00:24,Karun Panwar Sharma,27,Facebook,4 Post,News
08/14/2024 14:34:22,Kanha ,33,Youtube,5 Post,Vlogs
08/14/2024 01:26:12,SHREYANSH Sharma,28,Instagram,6 Post,Family time
08/14/2024 18:05:14,Ankit Sharma,20,Instagram,1 Post,Cultural
08/14/2024 10:29:53,Alisha ,28,Instagram,4 Post,Comedy
08/14/2024 05:33:03,Sagar dahiya Sharma,20,Instagram,6 Post,Normal
08/14/2024 14:18:55,Piku,20,Instagram,3 Post,Cultural
08/14/2024 11:26:44,HARSH ,33,Instagram,2 Post,Knowledge
08/14/2024 07:25:36,Devansh Chauhan ,29,Twitter,2 Post,Study
08/14/2024 14:59:25,Jaideep ,31,Twitter,4 Post,News
08/14/2024 06:41:52,Mohit Singh,19,Twitter,5 Post,Comedy
08/14/2024 21:22:50,kaku Sharma,20,Instagram,4 Post,Family time
08/14/2024 06:21:36,Neha Sharma,36,Instagram,1 Post,Knowledge
08/14/2024 14:11:32,Devansh Chauhan ,26,Facebook,5 Post,News
08/14/2024 14:42:50,Neha,24,Instagram,2 Post,Knowledge
08/14/2024 08:05:54,Ravi Sharma,30,Twitter,5 Post,Study
08/14/2024 02:19:34,Arvind Singh ,34,Instagram,3 Post,Earning
08/14/2024 09:36:17,Amrender Sharma,36,Instagram,3 Post,Self portrait
08/14/2024 14:30:01,kaku Sharma,34,Twitter,4 Post,Study
08/14/2024 17:13:13,Yuvraj Sharma,32,Instagram,5 Post,Self portrait
08/14/2024 01:51:50,SHREYANSH Singh,18,Instagram,5 Post,Photos
08/14/2024 04:18:09,Devansh Chauhan Sharma,34,Twitter,5 Post,News
08/14/2024 08:32:49,Rudraksh Singh,34,Youtube,1 Post,I don't post anything on yt
08/14/2024 05:01:56,Mohit Sharma,20,Youtube,6 Post,Knowledge
08/14/2024 18:55:07,Karun Panwar Sharma,25,Instagram,1 Post,Normal
08/14/2024 06:19:37,Khushboo ,23,Youtube,5 Post,I don't post anything on yt
08/14/2024 17:27:15,Sahil Sharma,22,Twitter,2 Post,Comedy
08/14/2024 05:40:01,Sourav Chauhan Singh,34,Instagram,5 Post,Earning
08/14/2024 01:03:57,Sahil Singh,26,Twitter,5 Post,News
08/14/2024 14:54:34,Bhuvneshwari Sharma,18,Facebook,6 Post,Photos
08/14/2024 07:21:22,Lakshay ,21,Youtube,2 Post,I don't post anything on yt
08/14/2024 07:36:16,Ashish gulia Singh,30,Instagram,1 Post,Cultural
08/14/2024 11:59:11,Jaideep Singh,28,Instagram,4 Post,Knowledge
08/14/2024 18:32:49,Bhumit,31,Twitter,6 Post,Knowledge
08/14/2024 04:19:06,Khushhal Sharma,23,Facebook,2 Post,Earning
08/14/2024 17:02:06,Amrender Singh,27,Twitter,2 Post,Study
08/14/2024 00:47:17,Ravan,18,Instagram,4 Post,Self portrait
08/14/2024 22:06:32,Sudhir ,31,Instagram,4 Post,Comedy
08/14/2024 13:45:49,Lakshay Singh,22,Youtube,3 Post,Cultural
08/13/2024 23:00:56,Kanha,28,Twitter,6 Post,Comedy
08/13/2024 21:46:30,Nischay Kaushik Singh,24,Instagram,1 Post,Cultural
08/13/2024 21:58:32,Ashish,21,Twitter,5 Post,Study
08/14/2024 09:26:09,Jatin nimbiwal Singh,20,Facebook,4 Post,Photos
08/14/2024 05:24:54,SHREYANSH Sharma,19,Youtube,1 Post,Cultural
08/14/2024 22:02:30,Piku ,29,Youtube,2 Post,I don't post anything on yt
08/14/2024 08:30:57,Ashish gulia,33,Twitter,5 Post,Comedy
08/14/2024 18:47:17,Alisha ,21,Facebook,5 Post,Earning
08/14/2024 07:08:39,Kishan,21,Youtube,5 Post,I don't post anything on yt
08/14/2024 03:49:12,Ritesh Singh,21,Instagram,6 Post,Cultural
08/14/2024 02:46:30,Apsara Singh,17,Youtube,6 Post,Comedy
08/14/2024 09:51:23,Apsara ,29,Instagram,1 Post,Comedy
08/14/2024 21:53:36,Khushboo ,32,Twitter,1 Post,News
08/14/2024 06:41:19,Neha ,29,Youtube,5 Post,Study
08/14/2024 12:07:08,Ravan ,32,Facebook,1 Post,News
08/14/2024 10:08:35,Yash Singh,23,Instagram,1 Post,Study
08/14/2024 10:52:34,Nischay Kaushik Sharma,30,Youtube,1 Post,I don't post anything on yt
08/14/2024 20:16:47,Aman ,25,Instagram,1 Post,Family time
08/14/2024 05:20:13,Bhupender ,34,Instagram,5 Post,Cultural
08/14/2024 08:50:26,Ritesh ,18,Instagram,4 Post,Cultural
08/14/2024 00:40:15,Apsara,26,Twitter,6 Post,Comedy
08/14/2024 10:24:10,Sahil ,17,Instagram,3 Post,Family time
08/14/2024 15:40:49,Hitesh Singh,22,Instagram,6 Post,Photos
08/13/2024 23:18:40,Khushboo,27,Youtube,3 Post,Vlogs
08/14/2024 09:58:19,Sahil,32,Instagram,3 Post,Self portrait
08/14/2024 03:20:12,Sourav Chauhan ,28,Instagram,1 Post,Cultural
08/13/2024 22:52:24,Ravi,18,Youtube,1 Post,Knowledge
08/14/2024 17:23:51,Naveen Sharma,21,Instagram,1 Post,Family time
08/14/2024 04:23:06,Sahil Sharma,24,Instagram,4 Post,Knowledge
08/14/2024 03:12:32,Vanshika Singh,20,Twitter,1 Post,Comedy
08/14/2024 16:40:24,Abhijeet,29,Instagram,4 Post,Photos
08/14/2024 02:39:29,Piku Singh,19,Twitter,1 Post,Knowledge
08/14/2024 22:09:37,Sourav Chauhan Singh,36,Instagram,3 Post,Normal
08/13/2024 21:54:16,Bhumit ,34,Youtube,2 Post,Knowledge
08/14/2024 21:00:55,Yuvraj,24,Twitter,6 Post,News
08/14/2024 08:01:11,Yash Sharma,26,Instagram,5 Post,Comedy
08/14/2024 07:51:15,Priya ,25,Instagram,2 Post,Family time
08/14/2024 13:20:19,Naveen Sharma,19,Twitter,5 Post,Comedy
08/14/2024 03:32:29,Resham Malik,35,Twitter,4 Post,Comedy
08/14/2024 05:31:48,Kanha Singh,29,Youtube,6 Post,Comedy
08/14/2024 00:24:53,Vijay ,19,Facebook,2 Post,Random talks
08/14/2024 10:51:37,Deepak Panwar ,31,Instagram,4 Post,Cultural
08/13/2024 23:57:39,Bhumit ,31,Instagram,3 Post,Cultural
08/13/2024 23:58:48,Bhupender Singh,36,Instagram,3 Post,Earning
08/14/2024 04:06:49,Piyush Singh,29,Twitter,6 Post,Knowledge
08/14/2024 11:12:27,Sahil Singh,29,Youtube,5 Post,I don't post anything on yt
08/13/2024 22:02:28,Deepak Panwar Sharma,20,Youtube,2 Post,Cultural
08/14/2024 14:32:20,Amrender ,21,Instagram,4 Post,Knowledge
08/14/2024 22:08:41,Atul Kaushik,35,Twitter,1 Post,News
08/13/2024 22:47:35,kaku Sharma,21,Instagram,3 Post,Cultural
08/14/2024 09:53:12,Devansh Chauhan,22,Facebook,4 Post,Earning
08/14/2024 04:35:43,Dikshant Sharma,22,Instagram,2 Post,Photos
08/14/2024 09:57:15,Ashish gulia,36,Twitter,2 Post,Knowledge
08/14/2024 08:00:19,Harsh Sharma,18,Instagram,4 Post,Earning
08/14/2024 06:32:04,Atul Kaushik ,34,Youtube,4 Post,I don't post anything on yt
08/14/2024 07:15:02,Rudraksh Sharma,28,Facebook,5 Post,Family time
08/13/2024 23:10:55,Sahil Singh,27,Twitter,1 Post,Knowledge
08/14/2024 03:48:45,Ashish Singh,35,Facebook,2 Post,News
08/14/2024 16:26:30,Piyush Singh,34,Youtube,6 Post,Cultural
08/14/2024 03:32:09,SHREYANSH Sharma,28,Facebook,2 Post,Photos
08/14/2024 20:55:53,Neha Singh,35,Instagram,6 Post,Knowledge
08/14/2024 05:18:35,Sourav Chauhan ,35,Facebook,4 Post,Random talks
08/13/2024 22:14:10,Arvind Singh,19,Instagram,5 Post,Comedy
08/14/2024 06:05:08,Ashish,27,Facebook,2 Post,Photos
08/14/2024 16:41:38,Sahil Singh Singh,18,Instagram,5 Post,Earning
08/14/2024 12:05:09,Sudhir Singh,19,Instagram,6 Post,Study
08/14/2024 17:07:18,Gourav Dhiman Singh,27,Instagram,2 Post,Study
08/14/2024 19:30:48,Arvind Singh Singh,22,Youtube,5 Post,I don't post anything on yt
08/14/2024 05:15:19,Aman Singh,24,Twitter,2 Post,Study
08/14/2024 18:33:47,Jatin nimbiwal Singh,21,Instagram,1 Post,Study
08/14/2024 13:23:53,Bhumit,22,Twitter,5 Post,Comedy
08/14/2024 06:14:00,Deepak Panwar Sharma,21,Instagram,1 Post,Comedy
08/14/2024 15:35:28,Neha ,19,Youtube,6 Post,I don't post anything on yt
08/14/2024 06:19:24,Gourav Dhiman Sharma,17,Instagram,2 Post,Cultural
08/14/2024 21:27:30,Khushhal,17,Instagram,4 Post,Study
08/14/2024 18:01:33,Yuvraj Sharma,29,Instagram,4 Post,Cultural
08/13/2024 22:14:23,Khushhal ,22,Instagram,1 Post,Photos
08/14/2024 15:39:26,Kanha,19,Instagram,4 Post,Earning
08/14/2024 14:59:05,Harsh,27,Twitter,5 Post,Study
08/14/2024 00:13:33,Ritesh ,36,Youtube,2 Post,Cultural
08/14/2024 13:54:38,Mohit ,30,Twitter,6 Post,Knowledge
08/14/2024 18:17:46,Piku ,20,Instagram,5 Post,Family time
08/14/2024 17:54:21,Ashish gulia,28,Instagram,1 Post,Photos
08/14/2024 13:21:44,Nischay Kaushik Sharma,23,Instagram,2 Post,Earning
08/14/2024 09:42:53,Kishan Sharma,20,Instagram,4 Post,Normal
08/14/2024 06:49:33,Jigyansh Kaushik Singh,19,Twitter,4 Post,Comedy
08/14/2024 09:07:35,Dikshant Singh,22,Instagram,3 Post,Normal
08/13/2024 23:50:43,SHREYANSH Singh,35,Instagram,6 Post,Cultural
08/14/2024 17:46:17,Sagar dahiya Sharma,35,Instagram,1 Post,Study
08/13/2024 23:40:49,Yuvraj Sharma,35,Youtube,4 Post,Comedy
08/14/2024 00:41:29,Sudhir,33,Twitter,5 Post,Comedy
08/14/2024 17:31:41,Bhuvneshwari Sharma,22,Facebook,2 Post,Photos
08/14/2024 02:41:19,Lakshay,30,Instagram,6 Post,Study
08/13/2024 23:52:40,Hitesh ,36,Instagram,6 Post,Cultural
08/14/2024 08:57:28,Harsh Sharma,34,Instagram,3 Post,Family time
08/14/2024 20:22:39,Yash Sharma,20,Instagram,2 Post,Cultural
08/14/2024 04:12:39,Sourav Chauhan,26,Youtube,3 Post,Study
08/14/2024 04:29:12,Atul Kaushik Sharma,35,Twitter,1 Post,Comedy
08/13/2024 22:57:16,Ashish gulia Sharma,18,Instagram,3 Post,Comedy
08/14/2024 04:36:27,Ashish Singh,28,Instagram,3 Post,Photos
08/14/2024 16:41:09,Arvind Singh,24,Instagram,6 Post,Normal
08/14/2024 08:33:20,Neha Singh,30,Twitter,1 Post,Comedy
08/14/2024 10:21:18,Hitesh Sharma,32,Youtube,3 Post,Cultural
08/14/2024 16:50:40,HARSH,26,Youtube,4 Post,Knowledge
08/14/2024 03:51:09,Abhijeet,22,Instagram,2 Post,Self portrait
08/14/2024 17:53:46,Devansh Chauhan,28,Youtube,3 Post,Comedy
08/14/2024 09:42:25,Ravi Sharma,20,Twitter,2 Post,Knowledge
08/14/2024 01:44:56,Atul ,32,Twitter,3 Post,Knowledge
08/14/2024 18:38:17,Kanha,26,Instagram,1 Post,Earning
08/14/2024 04:19:55,Bhumit ,24,Twitter,6 Post,Comedy
08/14/2024 12:27:21,Yuvraj,17,Instagram,2 Post,Earning
08/14/2024 08:07:02,Yash ,25,Twitter,3 Post,Knowledge
08/14/2024 14:19:00,Dikshant Singh,31,Instagram,4 Post,Photos
08/14/2024 11:29:06,Hitesh Sharma,35,Instagram,5 Post,Knowledge
08/14/2024 05:58:33,Apsara Singh,26,Twitter,4 Post,News
08/14/2024 02:21:25,Vijay Singh,25,Instagram,6 Post,Photos
08/14/2024 13:54:32,Abhijeet ,18,Youtube,5 Post,Study
08/14/2024 19:56:13,Ravan ,17,Twitter,3 Post,Knowledge
08/14/2024 06:08:40,Resham Malik Sharma,18,Twitter,5 Post,Comedy
08/14/2024 10:09:37,Sahil ,34,Twitter,4 Post,Knowledge
08/14/2024 00:52:43,Sudhir ,34,Instagram,1 Post,Normal
08/14/2024 03:12:45,Kanha ,27,Twitter,2 Post,Knowledge
08/14/2024 09:05:41,Piku Sharma,27,Instagram,5 Post,Photos
08/14/2024 20:51:06,Khushboo Sharma,18,Youtube,5 Post,Vlogs
08/14/2024 10:42:41,Vanshika Sharma,23,Twitter,6 Post,Study
08/14/2024 07:45:35,Yuvraj,21,Instagram,2 Post,Knowledge
08/14/2024 16:48:21,Sourav Chauhan Sharma,21,Instagram,6 Post,Earning
08/14/2024 08:48:30,Arvind Singh Singh,22,Instagram,1 Post,Self portrait
08/14/2024 00:54:52,Mohit ,35,Youtube,4 Post,Cultural
08/13/2024 21:51:46,Ritesh Sharma,29,Instagram,4 Post,Study
08/14/2024 02:24:40,Rudraksh ,28,Facebook,3 Post,Random talks
08/14/2024 00:54:10,Ravan,24,Instagram,3 Post,Photos
08/14/2024 20:57:12,Dikshant Singh,22,Instagram,1 Post,Photos
08/14/2024 22:07:11,Devansh Chauhan Singh,30,Youtube,2 Post,Comedy
08/14/2024 03:20:13,Arvind Singh Singh,23,Instagram,4 Post,Self portrait
08/14/2024 01:52:58,Alisha ,23,Youtube,5 Post,Vlogs
08/14/2024 12:59:38,Naveen,29,Youtube,3 Post,Vlogs
08/14/2024 14:37:26,Apsara,20,Twitter,1 Post,News
08/14/2024 14:55:13,Yuvraj Sharma,29,Instagram,3 Post,Normal
08/14/2024 04:21:13,Mohit,26,Instagram,1 Post,Family time
08/14/2024 15:20:01,Apsara ,30,Youtube,1 Post,Vlogs
08/14/2024 12:38:54,Khushboo Singh,20,Youtube,4 Post,Knowledge
08/14/2024 04:58:28,Bhumit Singh,33,Facebook,3 Post,Earning
08/14/2024 03:29:09,Karun Panwar Sharma,23,Twitter,4 Post,Knowledge
08/14/2024 01:23:51,Yash,20,Youtube,6 Post,Study
08/14/2024 08:55:24,Kishan,20,Facebook,6 Post,Photos
08/14/2024 18:35:58,Nikki Singh,31,Instagram,2 Post,Self portrait
08/13/2024 21:59:06,Naveen Singh,30,Youtube,1 Post,Cultural
08/14/2024 19:14:28,Lakshay ,27,Instagram,4 Post,Photos
08/14/2024 21:17:32,Kishan Singh,27,Instagram,4 Post,Study
08/14/2024 00:30:52,Vijay Sharma,32,Youtube,6 Post,Knowledge
08/14/2024 17:22:36,Jatin nimbiwal,22,Instagram,5 Post,Normal
08/14/2024 18:51:08,Ravan Sharma,22,Twitter,3 Post,News
08/14/2024 08:31:49,Amrender ,32,Facebook,1 Post,Earning
08/14/2024 16:31:36,Vanshika Singh,27,Instagram,6 Post,Family time
08/14/2024 08:20:18,Sourav Chauhan ,27,Twitter,6 Post,News
08/14/2024 01:23:08,Alisha ,32,Instagram,6 Post,Study
08/14/2024 18:35:25,Hitesh,17,Twitter,2 Post,Study
08/13/2024 22:58:49,HARSH,32,Instagram,3 Post,Photos
08/14/2024 08:36:57,SHREYANSH Sharma,29,Youtube,1 Post,Study
08/14/2024 00:39:10,Sourav Chauhan Sharma,19,Youtube,4 Post,Comedy
08/14/2024 11:10:57,Arvind Singh,20,Instagram,1 Post,Family time
08/14/2024 19:31:33,Hitesh,36,Facebook,6 Post,Family time
08/14/2024 17:43:37,Harsh ,31,Facebook,3 Post,News
08/14/2024 15:16:56,Sudhir Sharma,27,Twitter,5 Post,Study
08/13/2024 21:48:08,Naveen Sharma,20,Instagram,6 Post,Comedy
08/13/2024 22:52:06,Sagar dahiya Singh,34,Twitter,6 Post,News
08/14/2024 07:45:37,HARSH Sharma,21,Youtube,6 Post,I don't post anything on yt
08/14/2024 08:55:50,Kanha ,23,Instagram,4 Post,Comedy
08/14/2024 20:25:09,Khushhal ,27,Instagram,4 Post,Self portrait
08/14/2024 01:02:33,Amrender,31,Instagram,5 Post,Family time
08/14/2024 18:16:15,Arvind Singh,33,Youtube,5 Post,Study
08/14/2024 07:13:36,Ashish ,35,Instagram,2 Post,Cultural
08/14/2024 20:09:25,Apsara Singh,33,Youtube,4 Post,Vlogs
08/14/2024 08:49:40,Bhuvneshwari ,25,Instagram,3 Post,Photos
08/14/2024 18:22:30,Lakshay ,30,Twitter,6 Post,Knowledge
08/14/2024 13:01:09,Harsh Singh,34,Twitter,2 Post,Comedy
08/14/2024 10:04:36,Nikki Singh,21,Facebook,6 Post,Photos
08/14/2024 12:00:26,Jatin nimbiwal Singh,20,Youtube,5 Post,Study
08/14/2024 10:32:15,Jigyansh Kaushik Sharma,34,Instagram,4 Post,Self portrait
08/14/2024 04:16:49,Ankit Sharma,21,Instagram,1 Post,Comedy
08/14/2024 14:38:40,Khushhal ,26,Twitter,2 Post,News
08/14/2024 12:49:20,Nikki ,34,Instagram,4 Post,Cultural
08/14/2024 14:42:06,Ravan ,34,Instagram,5 Post,Photos
08/14/2024 21:22:42,Priya Sharma,29,Instagram,6 Post,Knowledge
08/14/2024 20:02:55,Priya,25,Instagram,4 Post,Comedy
08/14/2024 16:44:15,Sahil Singh,35,Twitter,5 Post,Comedy
08/14/2024 02:19:23,kaku Singh,31,Instagram,6 Post,Cultural
08/14/2024 04:12:48,Sahil Singh,29,Instagram,3 Post,Family time
08/13/2024 22:43:32,HARSH Singh,17,Instagram,6 Post,Earning
08/14/2024 17:04:27,Neha,36,Youtube,3 Post,Study
08/14/2024 03:07:48,Harsh Singh,19,Youtube,3 Post,Vlogs
08/14/2024 07:37:06,Sahil Singh,33,Instagram,5 Post,Family time
08/14/2024 04:55:52,Sagar dahiya ,23,Twitter,3 Post,Knowledge
08/14/2024 00:33:19,Bhuvneshwari Sharma,34,Youtube,6 Post,Cultural
08/14/2024 03:42:50,Sagar dahiya Sharma,24,Facebook,5 Post,Random talks
08/14/2024 04:01:34,Karun Panwar Singh,29,Facebook,1 Post,Earning
08/14/2024 17:23:24,Alisha Singh,17,Facebook,3 Post,Random talks
08/14/2024 05:35:07,Atul Sharma,18,Instagram,6 Post,Comedy
08/13/2024 21:55:40,Kishan,22,Facebook,5 Post,Random talks
08/14/2024 02:46:41,Vanshika ,23,Youtube,4 Post,Cultural
08/14/2024 08:59:02,Amrender Sharma,19,Youtube,2 Post,Cultural
08/14/2024 11:24:09,Gourav Dhiman,19,Instagram,2 Post,Photos
08/14/2024 08:20:34,Sourav Chauhan ,25,Instagram,4 Post,Study
08/14/2024 16:14:37,Ankit Sharma,20,Twitter,6 Post,News
08/14/2024 04:50:22,Deepali,19,Instagram,5 Post,Cultural
08/14/2024 07:24:55,Ravan Singh,36,Instagram,4 Post,Study
08/14/2024 16:01:06,Jigyansh Kaushik,32,Instagram,2 Post,Earning
08/14/2024 21:10:19,Khushhal Singh,21,Instagram,6 Post,Knowledge
08/14/2024 10:53:25,Yash ,20,Instagram,5 Post,Study
08/14/2024 02:55:44,Kishan Singh,23,Youtube,6 Post,Comedy
08/14/2024 02:30:10,Atul Kaushik ,22,Instagram,5 Post,Photos
08/14/2024 04:51:34,Sahil Singh,34,Instagram,5 Post,Cultural
08/14/2024 21:01:43,Vanshika Singh,20,Instagram,5 Post,Normal
08/14/2024 19:46:14,Sagar dahiya ,24,Instagram,5 Post,Cultural
08/14/2024 14:42:52,Neha Sharma,31,Instagram,6 Post,Photos
08/14/2024 05:24:42,Ashish gulia Singh,27,Facebook,2 Post,News
08/14/2024 14:22:30,Khushhal ,30,Instagram,3 Post,Earning
08/14/2024 11:14:44,Gourav Dhiman Sharma,31,Instagram,3 Post,Normal
08/14/2024 02:33:16,Sahil Singh,25,Youtube,2 Post,Vlogs
08/13/2024 22:30:42,Alisha,19,Youtube,5 Post,I don't post anything on yt
08/14/2024 04:07:29,Deepali Sharma,35,Instagram,1 Post,Family time
08/14/2024 01:01:26,Rudraksh Sharma,21,Instagram,2 Post,Photos
08/14/2024 18:29:42,Ravi,29,Instagram,1 Post,Comedy
08/14/2024 11:36:18,Bhupender ,33,Instagram,2 Post,Earning
08/14/2024 16:22:43,Sourav Chauhan ,32,Facebook,1 Post,Photos
08/14/2024 10:25:08,SHREYANSH,25,Instagram,1 Post,Comedy
08/13/2024 22:43:29,Khushhal Singh,29,Instagram,4 Post,Self portrait
08/14/2024 18:02:47,Atul Kaushik Singh,20,Youtube,5 Post,I don't post anything on yt
08/14/2024 13:44:28,Amrender Singh,35,Twitter,2 Post,Study
08/14/2024 07:40:40,Naveen,33,Instagram,2 Post,Family time
08/14/2024 10:01:35,Hitesh Singh,32,Youtube,5 Post,Cultural
08/14/2024 02:55:24,Lakshay Sharma,22,Instagram,5 Post,Photos
08/14/2024 07:53:32,Sahil Singh ,28,Twitter,1 Post,Comedy
08/14/2024 12:12:10,Gourav Dhiman,32,Twitter,4 Post,Comedy
08/14/2024 01:02:41,Atul Kaushik Sharma,17,Instagram,2 Post,Earning
08/14/2024 20:19:01,Ravi,35,Instagram,2 Post,Photos
08/14/2024 19:14:31,Abhijeet Sharma,36,Facebook,6 Post,News
08/14/2024 18:58:04,Alisha Singh,19,Instagram,5 Post,Normal
08/14/2024 12:59:45,HARSH ,30,Twitter,5 Post,Comedy
08/14/2024 12:20:35,Ravi Singh,22,Youtube,3 Post,Study
08/14/2024 02:41:57,Vanshika ,29,Instagram,1 Post,Self portrait
08/14/2024 19:48:25,Ravi Sharma,21,Twitter,2 Post,Study
08/14/2024 09:32:49,Apsara,34,Twitter,1 Post,News
08/14/2024 14:49:01,Lakshay,30,Twitter,3 Post,News
08/14/2024 12:09:36,Ritesh ,32,Youtube,4 Post,Comedy
08/14/2024 20:00:52,Jaideep,30,Instagram,4 Post,Comedy
08/14/2024 02:22:23,Kishan Singh,36,Youtube,4 Post,Comedy
08/14/2024 06:55:26,Sahil,35,Twitter,5 Post,News
08/14/2024 13:41:23,Mohit Singh,30,Instagram,2 Post,Study
08/14/2024 22:00:49,Kanha Singh,34,Instagram,3 Post,Photos
08/14/2024 02:07:16,Resham Malik ,30,Twitter,5 Post,Study
08/14/2024 16:41:23,Harsh Sharma,25,Facebook,5 Post,Family time
08/14/2024 20:58:21,Resham Malik ,20,Youtube,4 Post,I don't post anything on yt
08/14/2024 12:46:16,Deepak Panwar ,33,Instagram,3 Post,Family time
08/14/2024 17:25:41,Ravan,22,Instagram,6 Post,Self portrait
08/13/2024 23:18:59,Hitesh ,32,Facebook,4 Post,News
08/14/2024 20:31:06,SHREYANSH Singh,19,Twitter,6 Post,Study
08/14/2024 08:29:18,Resham Malik Singh,36,Instagram,2 Post,Normal
08/14/2024 10:22:06,kaku Singh,23,Instagram,5 Post,Family time
08/14/2024 21:37:06,SHREYANSH ,18,Instagram,6 Post,Self portrait
08/14/2024 12:05:15,Kishan Singh,29,Instagram,4 Post,Study
08/14/2024 15:30:51,Abhijeet,19,Facebook,5 Post,Family time
08/14/2024 12:35:01,Harsh Singh,28,Facebook,3 Post,Photos
08/14/2024 07:42:34,kaku Sharma,29,Twitter,3 Post,Comedy
08/14/2024 21:09:19,Deepak Panwar,33,Instagram,1 Post,Family time
08/14/2024 16:35:11,Rudraksh Singh,31,Facebook,5 Post,Earning
08/14/2024 09:32:25,Bhuvneshwari Singh,31,Twitter,5 Post,News
08/14/2024 17:19:30,Kanha,29,Twitter,2 Post,Comedy
08/14/2024 03:49:20,Yuvraj Singh,33,Twitter,6 Post,Knowledge
08/14/2024 05:25:39,Kishan Sharma,27,Instagram,2 Post,Normal
08/14/2024 09:57:25,Mohit Singh,22,Facebook,6 Post,Photos
08/14/2024 02:42:34,kaku ,24,Youtube,2 Post,Knowledge
08/14/2024 14:16:58,Piyush Singh,21,Youtube,1 Post,Cultural
08/14/2024 18:29:45,Jigyansh Kaushik Sharma,36,Instagram,5 Post,Self portrait
08/14/2024 09:45:23,Naveen Singh,32,Youtube,5 Post,Comedy
08/13/2024 23:04:24,Bhuvneshwari Singh,29,Instagram,5 Post,Earning
08/14/2024 06:14:43,Bhupender Sharma,32,Facebook,1 Post,Random talks
08/14/2024 09:00:16,Ravan ,31,Facebook,6 Post,Random talks
08/14/2024 05:42:38,Jatin nimbiwal,17,Twitter,4 Post,News
08/14/2024 09:16:49,Aman Singh,22,Twitter,2 Post,Knowledge
08/14/2024 08:00:07,Aman Singh,28,Instagram,4 Post,Comedy
08/14/2024 02:08:59,Bhuvneshwari Singh,28,Youtube,3 Post,Study
08/14/2024 08:19:23,Lakshay ,20,Youtube,2 Post,Vlogs
08/14/2024 09:19:14,Dikshant ,21,Youtube,6 Post,Knowledge
08/14/2024 10:48:46,Yash ,30,Instagram,6 Post,Family time
08/14/2024 07:29:45,Neha Sharma,26,Instagram,5 Post,Self portrait
08/14/2024 18:16:29,Jatin nimbiwal ,18,Instagram,3 Post,Normal
08/14/2024 11:23:17,Deepak Panwar Sharma,27,Instagram,3 Post,Family time
08/14/2024 18:58:10,Bhupender Singh,28,Instagram,1 Post,Knowledge
08/14/2024 21:42:35,Apsara ,35,Twitter,6 Post,Comedy
08/14/2024 19:30:51,Nikki Singh,27,Twitter,4 Post,Study
08/14/2024 13:25:15,Dikshant Singh,31,Twitter,2 Post,Comedy
08/14/2024 01:42:43,Gourav Dhiman Sharma,36,Twitter,1 Post,News
08/14/2024 12:33:35,SHREYANSH Singh,27,Twitter,6 Post,Knowledge
08/14/2024 12:06:29,Resham Malik Singh,31,Youtube,3 Post,I don't post anything on yt
08/14/2024 15:33:15,Atul Sharma,22,Instagram,1 Post,Earning
08/14/2024 00:05:11,Jigyansh Kaushik Singh,19,Instagram,4 Post,Cultural
08/14/2024 00:17:28,Ashish,17,Youtube,5 Post,Cultural
08/14/2024 03:21:35,Aman ,19,Twitter,4 Post,Knowledge
08/13/2024 22:26:51,Jaideep Singh,31,Twitter,2 Post,Comedy
08/14/2024 20:37:14,Jigyansh Kaushik Singh,27,Youtube,4 Post,Vlogs
08/14/2024 02:04:47,Harsh Sharma,21,Facebook,6 Post,Random talks
08/14/2024 05:19:29,Apsara Sharma,35,Instagram,6 Post,Family time
08/14/2024 05:16:51,Sagar dahiya Sharma,34,Instagram,1 Post,Normal
08/14/2024 17:41:51,Yuvraj Singh,21,Instagram,1 Post,Family time
08/14/2024 14:34:31,Sudhir ,28,Instagram,5 Post,Self portrait
08/14/2024 12:21:17,Arvind Singh Sharma,26,Instagram,4 Post,Photos
08/14/2024 08:26:34,Khushhal,34,Instagram,4 Post,Family time
08/13/2024 23:41:11,Piyush ,29,Youtube,2 Post,Comedy
08/14/2024 14:29:56,Nischay Kaushik ,33,Youtube,5 Post,I don't post anything on yt
08/14/2024 01:05:28,Nikki Singh,30,Instagram,1 Post,Earning
08/14/2024 02:20:34,Khushboo Sharma,36,Instagram,6 Post,Normal
08/14/2024 21:32:15,Ankit ,18,Facebook,1 Post,Photos
08/14/2024 03:26:40,Nikki Singh,21,Youtube,6 Post,Cultural
08/14/2024 16:58:19,Ashish gulia,32,Instagram,4 Post,Photos
08/13/2024 23:42:40,Arvind Singh Singh,31,Twitter,1 Post,Knowledge
08/14/2024 11:02:17,Bhuvneshwari ,18,Instagram,4 Post,Cultural
08/14/2024 21:35:34,Sahil Singh ,25,Youtube,1 Post,Cultural
08/14/2024 15:47:42,Sahil ,29,Youtube,4 Post,Knowledge
08/14/2024 14:02:34,Karun Panwar ,31,Youtube,1 Post,Vlogs
08/14/2024 01:37:45,Mohit Sharma,29,Twitter,3 Post,Knowledge
08/14/2024 13:22:13,Alisha,34,Twitter,3 Post,Study
08/14/2024 03:31:18,kaku Singh,18,Youtube,2 Post,Cultural
08/14/2024 07:25:56,Ritesh Singh,17,Instagram,3 Post,Cultural
08/14/2024 14:35:27,Piyush,18,Twitter,6 Post,Study
08/14/2024 14:31:50,Ashish gulia Singh,19,Instagram,4 Post,Cultural
08/14/2024 17:06:44,Gourav Dhiman,18,Instagram,2 Post,Family time
08/14/2024 17:27:23,Lakshay Sharma,24,Instagram,5 Post,Knowledge
08/14/2024 03:52:55,Atul ,17,Twitter,3 Post,Comedy
08/14/2024 02:23:29,Karun Panwar Sharma,31,Twitter,5 Post,Study
08/14/2024 20:07:19,Sahil Singh Singh,27,Youtube,3 Post,Vlogs
08/14/2024 17:47:46,Harsh ,19,Twitter,4 Post,Knowledge
08/14/2024 07:01:20,Rudraksh Singh,31,Instagram,6 Post,Family time
08/14/2024 05:35:40,Sahil Singh,36,Youtube,5 Post,Knowledge
08/14/2024 12:44:49,Vanshika Sharma,23,Twitter,4 Post,Comedy
08/13/2024 22:49:10,Neha Sharma,27,Instagram,5 Post,Cultural
08/14/2024 00:09:52,Lakshay ,18,Instagram,4 Post,Comedy
08/13/2024 22:56:58,Sourav Chauhan Sharma,32,Twitter,6 Post,Knowledge
08/14/2024 20:27:46,SHREYANSH,17,Facebook,2 Post,Earning
08/14/2024 11:24:03,Amrender,31,Youtube,1 Post,Comedy
08/13/2024 22:44:35,Yuvraj Singh,18,Youtube,3 Post,Vlogs
08/14/2024 00:13:30,Vanshika Singh,19,Facebook,5 Post,News
08/14/2024 11:41:41,SHREYANSH Sharma,23,Instagram,6 Post,Comedy
08/14/2024 14:15:02,Sahil Singh Sharma,20,Youtube,5 Post,Comedy
08/14/2024 07:34:22,Jatin nimbiwal Sharma,20,Instagram,2 Post,Family time
08/14/2024 19:49:43,Gourav Dhiman ,34,Facebook,4 Post,Family time
08/14/2024 17:57:40,Harsh Singh,28,Instagram,6 Post,Study
08/14/2024 06:33:23,Neha ,35,Twitter,4 Post,Knowledge
08/14/2024 12:19:28,Atul Sharma,29,Instagram,1 Post,Photos
08/14/2024 18:41:04,Abhijeet ,26,Instagram,2 Post,Comedy
08/14/2024 00:03:19,Ankit Singh,34,Twitter,5 Post,Comedy
08/14/2024 03:26:56,Devansh Chauhan Singh,21,Instagram,3 Post,Comedy
08/14/2024 15:42:46,Bhupender Singh,19,Twitter,5 Post,Comedy
08/14/2024 12:18:41,Alisha Singh,32,Instagram,6 Post,Cultural
08/14/2024 06:15:39,Piku,35,Instagram,1 Post,Knowledge
08/14/2024 16:02:28,Hitesh Sharma,30,Facebook,1 Post,Photos
08/14/2024 05:33:39,Sudhir,29,Instagram,5 Post,Self portrait
08/13/2024 22:59:04,Sourav Chauhan ,27,Twitter,2 Post,Comedy
08/13/2024 23:57:09,Alisha Sharma,31,Youtube,5 Post,Vlogs
08/14/2024 09:23:26,Ritesh Singh,29,Instagram,3 Post,Cultural
08/14/2024 10:01:34,Jaideep,34,Instagram,1 Post,Study
08/14/2024 07:25:13,Bhumit ,21,Instagram,2 Post,Normal
08/14/2024 03:40:37,Sourav Chauhan ,34,Twitter,6 Post,Comedy
08/14/2024 00:30:06,Vijay Sharma,27,Twitter,5 Post,News
08/14/2024 12:16:41,Yuvraj Sharma,28,Instagram,3 Post,Knowledge
08/14/2024 12:59:43,Ankit Singh,22,Facebook,5 Post,Earning
08/14/2024 16:17:13,Atul,24,Instagram,3 Post,Earning
08/14/2024 20:25:18,Sudhir,20,Youtube,2 Post,Vlogs
08/14/2024 08:45:35,Amrender Singh,17,Instagram,1 Post,Photos
08/14/2024 11:07:02,Ankit Singh,23,Youtube,2 Post,Knowledge
08/14/2024 14:45:14,Bhuvneshwari Singh,34,Instagram,6 Post,Earning
08/14/2024 03:59:54,Jigyansh Kaushik,29,Twitter,6 Post,News
08/13/2024 23:02:50,Priya Singh,23,Youtube,5 Post,Comedy
08/14/2024 18:53:38,Atul Kaushik,19,Instagram,3 Post,Knowledge
08/14/2024 21:38:32,Ankit Singh,29,Instagram,4 Post,Family time
08/14/2024 02:18:34,Deepak Panwar Singh,32,Youtube,5 Post,Cultural
08/14/2024 03:48:04,Ravi Sharma,34,Facebook,1 Post,News
08/13/2024 22:11:53,Abhijeet Singh,27,Instagram,6 Post,Earning
08/14/2024 17:36:44,Ravan Singh,28,Twitter,2 Post,Knowledge
08/14/2024 20:58:10,Nischay Kaushik Singh,29,Youtube,1 Post,Vlogs
08/13/2024 23:53:47,SHREYANSH ,27,Youtube,6 Post,Knowledge
08/14/2024 21:29:37,Dikshant ,30,Instagram,2 Post,Study
08/14/2024 11:57:50,Apsara Singh,31,Twitter,2 Post,Comedy
08/14/2024 20:00:06,Ravan ,21,Instagram,6 Post,Family time
08/14/2024 11:23:03,Ritesh ,35,Facebook,3 Post,News
08/14/2024 16:28:32,Alisha,22,Instagram,2 Post,Self portrait
08/14/2024 01:27:58,Yuvraj Sharma,26,Instagram,6 Post,Photos
08/14/2024 12:33:54,kaku,21,Instagram,5 Post,Photos
08/14/2024 06:32:17,Aman ,36,Instagram,6 Post,Self portrait
08/14/2024 15:10:07,Jatin nimbiwal Sharma,21,Twitter,5 Post,Study
08/14/2024 02:28:36,Naveen ,29,Instagram,2 Post,Earning
08/14/2024 15:54:40,Karun Panwar Sharma,17,Facebook,4 Post,Photos
08/14/2024 14:34:39,kaku ,19,Instagram,4 Post,Normal
08/14/2024 15:22:08,Devansh Chauhan ,30,Instagram,1 Post,Study
08/14/2024 19:13:27,Resham Malik,33,Instagram,4 Post,Self portrait
08/14/2024 02:23:36,Piyush Sharma,18,Twitter,5 Post,News
08/14/2024 01:49:18,Atul Sharma,26,Youtube,3 Post,Study
08/13/2024 23:57:40,Nikki,33,Facebook,4 Post,Earning
08/14/2024 01:03:32,Ravi,22,Youtube,6 Post,Vlogs
08/14/2024 19:20:27,Yuvraj Singh,31,Instagram,4 Post,Comedy
08/14/2024 15:19:27,Kishan Singh,27,Twitter,6 Post,Comedy
08/13/2024 23:50:08,Khushboo,20,Youtube,6 Post,Comedy
08/14/2024 11:12:47,Sahil Sharma,33,Twitter,2 Post,Study
08/14/2024 01:42:54,Karun Panwar ,27,Twitter,6 Post,Comedy
08/14/2024 04:48:49,Ashish gulia ,18,Instagram,3 Post,Normal
08/14/2024 16:28:28,Sahil Singh,21,Facebook,1 Post,Random talks
08/14/2024 12:37:24,Yash Sharma,32,Youtube,5 Post,Cultural
08/14/2024 07:46:59,Arvind Singh ,23,Twitter,4 Post,Study
08/14/2024 13:07:43,Kishan,24,Youtube,3 Post,Vlogs
08/13/2024 22:38:49,Hitesh ,18,Instagram,1 Post,Knowledge
08/14/2024 20:15:59,Sudhir,35,Youtube,3 Post,Comedy
08/14/2024 12:41:57,Priya,30,Facebook,2 Post,Family time
08/14/2024 00:01:37,Jatin nimbiwal ,31,Youtube,3 Post,Cultural
08/14/2024 18:22:51,Piku Singh,28,Youtube,1 Post,Study
08/14/2024 05:48:10,Vanshika Singh,32,Instagram,6 Post,Photos
08/14/2024 09:34:54,Yuvraj ,23,Twitter,1 Post,News
08/14/2024 10:36:09,Jatin nimbiwal Singh,30,Twitter,3 Post,Knowledge
08/14/2024 09:47:53,Aman Singh,21,Twitter,4 Post,Study
08/13/2024 22:20:07,Sahil Singh ,26,Facebook,1 Post,News
08/13/2024 22:51:41,Nischay Kaushik,23,Youtube,4 Post,Study
08/14/2024 03:58:23,Sagar dahiya ,17,Twitter,6 Post,Knowledge
08/14/2024 00:32:01,Vanshika Singh,26,Twitter,3 Post,News
08/14/2024 18:06:18,Gourav Dhiman Singh,29,Youtube,5 Post,Cultural
08/14/2024 17:15:14,kaku Singh,27,Facebook,4 Post,Earning
08/14/2024 19:40:05,Atul Kaushik ,32,Instagram,4 Post,Family time
08/14/2024 15:29:07,Devansh Chauhan Sharma,18,Youtube,3 Post,Vlogs
08/13/2024 23:22:06,Neha,23,Twitter,3 Post,Knowledge
08/14/2024 18:21:31,Ashish gulia Singh,17,Instagram,4 Post,Family time
08/14/2024 15:06:55,Sourav Chauhan Sharma,22,Twitter,3 Post,Knowledge
08/14/2024 08:48:17,Vijay Sharma,19,Instagram,2 Post,Knowledge
08/14/2024 16:57:10,Piku ,33,Instagram,1 Post,Knowledge
08/14/2024 19:53:20,Bhumit ,19,Instagram,1 Post,Normal
08/14/2024 05:20:30,Ashish gulia ,27,Facebook,6 Post,Random talks
08/14/2024 22:02:10,Neha ,20,Youtube,5 Post,I don't post anything on yt
08/13/2024 21:50:56,Mohit,31,Instagram,5 Post,Cultural
08/14/2024 10:29:05,Karun Panwar,27,Instagram,1 Post,Cultural
08/14/2024 05:35:57,Jigyansh Kaushik Singh,17,Twitter,3 Post,Comedy
08/14/2024 04:25:09,kaku Singh,25,Twitter,4 Post,News
08/14/2024 10:19:31,HARSH Singh,20,Instagram,5 Post,Family time
08/14/2024 11:47:38,Mohit Singh,34,Instagram,2 Post,Photos
08/13/2024 22:59:22,HARSH,26,Twitter,3 Post,Study
08/14/2024 08:10:56,Ankit Sharma,18,Instagram,1 Post,Cultural
08/14/2024 15:11:24,Sahil Singh Sharma,36,Instagram,3 Post,Comedy
08/14/2024 00:07:41,Jigyansh Kaushik,31,Twitter,1 Post,Study
08/14/2024 18:48:57,Piku Sharma,32,Instagram,2 Post,Earning
08/14/2024 17:02:48,Aman Singh,28,Instagram,6 Post,Knowledge
08/14/2024 06:20:48,Neha Sharma,32,Instagram,4 Post,Cultural
08/14/2024 00:51:55,Devansh Chauhan ,26,Youtube,5 Post,Vlogs
08/14/2024 17:08:09,Deepak Panwar Sharma,20,Instagram,6 Post,Cultural
08/14/2024 11:09:16,Rudraksh Sharma,29,Twitter,2 Post,Comedy
08/14/2024 16:56:15,Ashish Sharma,19,Instagram,6 Post,Study
08/14/2024 15:50:16,Ritesh Singh,34,Twitter,2 Post,News
08/14/2024 11:19:45,Sahil Sharma,20,Twitter,4 Post,Knowledge
08/14/2024 12:23:07,Hitesh Sharma,22,Instagram,4 Post,Cultural
08/13/2024 23:57:48,Ravan Sharma,27,Instagram,6 Post,Self portrait
08/14/2024 16:16:16,Hitesh ,35,Facebook,6 Post,News
08/14/2024 02:32:08,Jigyansh Kaushik ,31,Twitter,4 Post,Study
08/14/2024 20:13:13,Ravan Singh,26,Twitter,6 Post,Knowledge
08/14/2024 18:29:12,Ritesh Singh,19,Twitter,5 Post,Study
08/13/2024 21:46:09,Sudhir Singh,18,Instagram,5 Post,Self portrait
08/14/2024 08:18:39,Harsh Singh,20,Youtube,1 Post,Knowledge
08/14/2024 08:23:45,Deepali Sharma,27,Youtube,4 Post,Study
08/14/2024 18:22:52,Mohit ,32,Instagram,5 Post,Study
08/14/2024 01:02:01,Naveen Sharma,21,Instagram,6 Post,Earning
08/14/2024 08:26:01,Vanshika,21,Youtube,4 Post,I don't post anything on yt
08/14/2024 19:36:39,Lakshay,21,Twitter,4 Post,Study
08/14/2024 11:15:17,Jatin nimbiwal Sharma,36,Instagram,5 Post,Study
08/14/2024 11:53:18,Atul Sharma,28,Instagram,4 Post,Self portrait
08/13/2024 22:34:02,Sudhir ,33,Instagram,5 Post,Knowledge
08/14/2024 01:13:29,Karun Panwar Sharma,28,Instagram,4 Post,Cultural
08/14/2024 03:44:54,Alisha Singh,31,Twitter,5 Post,News
08/13/2024 23:02:23,Nischay Kaushik,34,Youtube,3 Post,Vlogs
08/14/2024 08:02:56,Gourav Dhiman,32,Instagram,4 Post,Knowledge
08/14/2024 15:32:04,Bhupender Singh,26,Instagram,6 Post,Photos
08/14/2024 11:45:50,Sourav Chauhan Singh,18,Twitter,5 Post,Comedy
08/14/2024 00:51:05,Jigyansh Kaushik Singh,36,Instagram,4 Post,Cultural
08/14/2024 18:44:12,Vanshika Singh,25,Instagram,3 Post,Photos
08/14/2024 13:52:31,Yash,36,Instagram,5 Post,Earning
08/14/2024 02:10:20,Naveen ,25,Youtube,2 Post,Study
08/14/2024 20:35:53,Abhijeet,27,Facebook,2 Post,Random talks
08/14/2024 08:31:05,Ashish gulia Sharma,30,Youtube,2 Post,I don't post anything on yt
08/14/2024 13:27:43,Nischay Kaushik ,23,Twitter,3 Post,News
08/14/2024 05:07:18,Bhuvneshwari,18,Instagram,4 Post,Normal
08/14/2024 04:10:26,Jaideep ,29,Twitter,4 Post,Study
08/14/2024 14:20:54,Abhijeet Sharma,17,Instagram,4 Post,Study
08/14/2024 21:08:32,Abhijeet,20,Facebook,6 Post,Family time
08/14/2024 13:45:27,Ritesh Singh,27,Instagram,1 Post,Photos
08/14/2024 10:28:10,Resham Malik Sharma,24,Youtube,5 Post,Knowledge
08/14/2024 18:05:47,Ravan ,27,Twitter,6 Post,News
08/14/2024 06:20:55,Yash Sharma,20,Twitter,6 Post,Study
08/13/2024 23:08:24,Alisha Singh,25,Instagram,1 Post,Cultural
08/13/2024 23:51:43,Apsara ,36,Twitter,6 Post,News
08/14/2024 19:40:12,Apsara ,29,Twitter,6 Post,Comedy
08/14/2024 13:22:36,Jatin nimbiwal ,25,Instagram,6 Post,Cultural
08/14/2024 16:45:40,Vijay Sharma,27,Instagram,1 Post,Photos
08/14/2024 02:06:06,Dikshant Sharma,27,Facebook,3 Post,Family time
08/14/2024 00:24:05,Vanshika Sharma,23,Twitter,2 Post,Study
08/14/2024 15:15:05,Rudraksh Sharma,23,Twitter,1 Post,Study
08/14/2024 16:45:51,Deepak Panwar,19,Instagram,6 Post,Photos
08/14/2024 14:00:31,Ankit Sharma,21,Twitter,1 Post,News
08/14/2024 10:21:28,Vijay ,27,Facebook,5 Post,News
08/14/2024 10:57:47,Bhumit Sharma,32,Instagram,6 Post,Cultural
08/14/2024 05:54:23,Yash Sharma,32,Instagram,5 Post,Knowledge
08/14/2024 06:41:14,Piku Sharma,18,Twitter,6 Post,News
08/14/2024 02:43:05,Sudhir Singh,19,Youtube,3 Post,I don't post anything on yt
08/14/2024 19:40:52,Harsh,29,Twitter,3 Post,Study
08/14/2024 15:44:20,Nischay Kaushik Singh,32,Instagram,6 Post,Normal
08/14/2024 09:43:05,Lakshay,23,Instagram,5 Post,Comedy
08/13/2024 22:39:17,Vanshika Singh,32,Twitter,4 Post,News
08/14/2024 08:57:46,Priya Singh,18,Instagram,2 Post,Family time
08/14/2024 15:44:32,Ravan ,35,Instagram,1 Post,Self portrait
08/14/2024 03:41:09,Arvind Singh,32,Facebook,5 Post,News
08/14/2024 17:49:43,Atul Kaushik ,17,Instagram,1 Post,Photos
08/14/2024 17:45:24,Deepak Panwar Sharma,36,Instagram,5 Post,Cultural
08/13/2024 23:17:33,Deepak Panwar,32,Twitter,5 Post,Comedy
08/14/2024 07:35:02,kaku Sharma,27,Youtube,6 Post,I don't post anything on yt
08/14/2024 12:15:32,Khushboo ,27,Youtube,2 Post,Cultural
08/14/2024 14:47:02,Gourav Dhiman,20,Instagram,4 Post,Earning
08/14/2024 01:00:41,Harsh ,31,Instagram,5 Post,Self portrait
08/13/2024 21:54:14,Khushhal Sharma,22,Instagram,4 Post,Cultural
08/14/2024 17:30:09,Sahil Singh,35,Youtube,4 Post,I don't post anything on yt
08/14/2024 10:32:46,Bhumit Sharma,21,Instagram,6 Post,Photos
08/14/2024 15:17:43,Yuvraj ,22,Twitter,1 Post,Comedy
08/14/2024 03:30:49,Aman,26,Instagram,1 Post,Family time
08/14/2024 03:06:48,Khushboo,36,Instagram,5 Post,Family time
08/14/2024 14:30:49,Bhumit ,25,Instagram,1 Post,Earning
08/14/2024 13:31:32,Ashish Sharma,22,Instagram,1 Post,Self portrait
08/13/2024 22:48:30,Nikki ,30,Instagram,5 Post,Normal
08/14/2024 10:20:46,Jaideep,34,Instagram,1 Post,Normal
08/14/2024 02:36:40,Vanshika ,31,Twitter,3 Post,Study
08/14/2024 00:08:52,Ravan Singh,24,Youtube,3 Post,Knowledge
08/14/2024 09:16:18,Jaideep Sharma,23,Instagram,2 Post,Cultural
08/14/2024 02:06:18,Arvind Singh,30,Instagram,5 Post,Normal
08/14/2024 21:36:59,Naveen ,31,Youtube,6 Post,Comedy
08/14/2024 04:36:49,kaku Singh,21,Instagram,5 Post,Self portrait
08/14/2024 19:26:07,Khushboo Sharma,31,Instagram,3 Post,Comedy
08/14/2024 18:40:01,Apsara ,36,Facebook,5 Post,Random talks
08/14/2024 18:13:34,Kishan Sharma,33,Instagram,2 Post,Normal
08/14/2024 05:45:22,Vijay,30,Youtube,2 Post,Knowledge
08/14/2024 07:58:11,Deepali ,35,Facebook,5 Post,News
08/14/2024 08:09:49,Karun Panwar,32,Youtube,5 Post,Cultural
08/14/2024 11:24:44,Resham Malik Sharma,20,Instagram,2 Post,Cultural
08/14/2024 13:35:37,Yash Sharma,23,Instagram,3 Post,Comedy
08/14/2024 18:44:18,Kishan,32,Twitter,2 Post,Study
08/14/2024 02:16:24,Jaideep,31,Instagram,2 Post,Study
08/14/2024 19:36:26,Naveen Sharma,17,Youtube,1 Post,Study
08/14/2024 11:49:19,Gourav Dhiman,26,Instagram,3 Post,Family time
08/14/2024 10:20:31,Mohit,36,Youtube,6 Post,Cultural
08/14/2024 12:53:46,Ravan Singh,18,Instagram,3 Post,Normal
08/14/2024 11:28:04,Naveen Singh,22,Twitter,6 Post,News
08/14/2024 00:31:36,Bhumit ,21,Facebook,2 Post,Random talks
08/14/2024 14:23:27,Ashish ,24,Instagram,3 Post,Family time
08/14/2024 10:01:01,Vijay,19,Instagram,4 Post,Normal
08/14/2024 19:45:15,Amrender,32,Youtube,6 Post,Vlogs
08/13/2024 23:42:36,Atul Singh,19,Instagram,4 Post,Cultural
08/14/2024 14:48:11,Sahil Singh Singh,19,Instagram,3 Post,Cultural
08/14/2024 04:55:16,Arvind Singh ,23,Twitter,6 Post,News
08/14/2024 04:52:50,Ravan ,32,Instagram,4 Post,Self portrait
08/14/2024 05:57:58,Vanshika,24,Youtube,5 Post,I don't post anything on yt
08/14/2024 18:20:47,Deepali Singh,27,Instagram,6 Post,Family time
08/14/2024 17:03:31,Atul Sharma,26,Twitter,3 Post,Comedy
08/14/2024 06:23:16,SHREYANSH Sharma,28,Facebook,1 Post,Photos
08/14/2024 04:43:38,Devansh Chauhan ,36,Facebook,6 Post,Random talks
08/14/2024 11:48:17,Sahil Singh ,22,Instagram,1 Post,Knowledge
08/14/2024 14:01:54,Atul Singh,28,Instagram,5 Post,Self portrait
08/14/2024 05:07:35,Sagar dahiya ,28,Instagram,2 Post,Family time
